{
    "accuracy": 0.7937548188126445,
    "precision": 0.7804314329738059,
    "recall": 0.8020585906571654,
    "auc": 0.8720197994947214
}